scientific,wikipedia
Panthera leo,Lion
Panthera tigris,Tiger
Panthera pardus,Leopard
Panthera onca,Jaguar
Panthera uncia,Snow leopard
Acinonyx jubatus,Cheetah
Puma concolor,Cougar
Lynx lynx,Eurasian lynx
Neofelis nebulosa,Clouded leopard
Prionailurus bengalensis,Leopard cat
Caracal caracal,Caracal
Loxodonta africana,African bush elephant
Elephas maximus,Asian elephant
Ceratotherium simum,White rhinoceros
Diceros bicornis,Black rhinoceros
Rhinoceros unicornis,Indian rhinoceros
Hippopotamus amphibius,Hippopotamus
Giraffa camelopardalis,Giraffe
Equus quagga,Plains zebra
Equus grevyi,Grévy's zebra
Equus ferus,Przewalski's horse
Syncerus caffer,African buffalo
Bison bison,American bison
Bison bonasus,European bison
Bos mutus,Wild yak
Ovis canadensis,Bighorn sheep
Capra ibex,Alpine ibex
Oreamnos americanus,Mountain goat
Ovibos moschatus,Muskox
Rangifer tarandus,Reindeer
Alces alces,Moose
Cervus elaphus,Red deer
Odocoileus virginianus,White-tailed deer
Okapia johnstoni,Okapi
Connochaetes taurinus,Blue wildebeest
Oryx gazella,Gemsbok
Antilocapra americana,Pronghorn
Camelus ferus,Wild Bactrian camel
Vicugna vicugna,Vicuña
Lama glama,Llama
Tapirus terrestris,South American tapir
Tapirus indicus,Malayan tapir
Sus scrofa,Wild boar
Phacochoerus africanus,Common warthog
Ursus arctos,Brown bear
Ursus maritimus,Polar bear
Ursus americanus,American black bear
Ailuropoda melanoleuca,Giant panda
Tremarctos ornatus,Spectacled bear
Helarctos malayanus,Sun bear
Melursus ursinus,Sloth bear
Canis lupus,Wolf
Canis latrans,Coyote
Vulpes vulpes,Red fox
Vulpes lagopus,Arctic fox
Lycaon pictus,African wild dog
Chrysocyon brachyurus,Maned wolf
Crocuta crocuta,Spotted hyena
Hyaena hyaena,Striped hyena
Suricata suricatta,Meerkat
Ailurus fulgens,Red panda
Procyon lotor,Raccoon
Meles meles,European badger
Gulo gulo,Wolverine
Lontra canadensis,North American river otter
Enhydra lutris,Sea otter
Pteronura brasiliensis,Giant otter
Mustela erminea,Stoat
Nasua nasua,South American coati
Gorilla gorilla,Western gorilla
Pan troglodytes,Chimpanzee
Pan paniscus,Bonobo
Pongo pygmaeus,Bornean orangutan
Hylobates lar,White-handed gibbon
Mandrillus sphinx,Mandrill
Papio anubis,Olive baboon
Rhinopithecus roxellana,Golden snub-nosed monkey
Alouatta seniculus,Colombian red howler
Ateles geoffroyi,Geoffroy's spider monkey
Lemur catta,Ring-tailed lemur
Indri indri,Indri
Daubentonia madagascariensis,Aye-aye
Nasalis larvatus,Proboscis monkey
Bradypus variegatus,Brown-throated sloth
Choloepus didactylus,Linnaeus's two-toed sloth
Myrmecophaga tridactyla,Giant anteater
Dasypus novemcinctus,Nine-banded armadillo
Manis javanica,Sunda pangolin
Macropus rufus,Red kangaroo
Macropus giganteus,Eastern grey kangaroo
Phascolarctos cinereus,Koala
Sarcophilus harrisii,Tasmanian devil
Vombatus ursinus,Common wombat
Ornithorhynchus anatinus,Platypus
Tachyglossus aculeatus,Short-beaked echidna
Didelphis virginiana,Virginia opossum
Castor canadensis,North American beaver
Hydrochoerus hydrochaeris,Capybara
Erethizon dorsatum,North American porcupine
Ochotona princeps,American pika
Lepus timidus,Mountain hare
Orcinus orca,Killer whale
Megaptera novaeangliae,Humpback whale
Balaenoptera musculus,Blue whale
Physeter macrocephalus,Sperm whale
Monodon monoceros,Narwhal
Delphinapterus leucas,Beluga whale
Tursiops truncatus,Common bottlenose dolphin
Trichechus manatus,West Indian manatee
Dugong dugon,Dugong
Odobenus rosmarus,Walrus
Phoca vitulina,Harbor seal
Mirounga leonina,Southern elephant seal
Zalophus californianus,California sea lion
Leptonychotes weddellii,Weddell seal
Pteropus giganteus,Indian flying fox
Aquila chrysaetos,Golden eagle
Haliaeetus leucocephalus,Bald eagle
Harpia harpyja,Harpy eagle
Gyps fulvus,Griffon vulture
Gymnogyps californianus,California condor
Vultur gryphus,Andean condor
Falco peregrinus,Peregrine falcon
Bubo scandiacus,Snowy owl
Strix aluco,Tawny owl
Tyto alba,Barn owl
Pavo cristatus,Indian peafowl
Struthio camelus,Common ostrich
Dromaius novaehollandiae,Emu
Casuarius casuarius,Southern cassowary
Apteryx mantelli,North Island brown kiwi
Aptenodytes forsteri,Emperor penguin
Spheniscus demersus,African penguin
Eudyptes chrysolophus,Macaroni penguin
Phoenicopterus roseus,Greater flamingo
Pelecanus onocrotalus,Great white pelican
Ardea cinerea,Grey heron
Grus japonensis,Red-crowned crane
Cygnus olor,Mute swan
Anser anser,Greylag goose
Diomedea exulans,Wandering albatross
Fratercula arctica,Atlantic puffin
Ramphastos toco,Toco toucan
Ara macao,Scarlet macaw
Trichoglossus moluccanus,Rainbow lorikeet
Cacatua galerita,Sulphur-crested cockatoo
Colibri coruscans,Sparkling violetear
Alcedo atthis,Common kingfisher
Paradisaea apoda,Greater bird-of-paradise
Corvus corax,Common raven
Crocodylus niloticus,Nile crocodile
Alligator mississippiensis,American alligator
Gavialis gangeticus,Gharial
Varanus komodoensis,Komodo dragon
Chamaeleo chamaeleon,Common chameleon
Iguana iguana,Green iguana
Amblyrhynchus cristatus,Marine iguana
Chelonia mydas,Green sea turtle
Dermochelys coriacea,Leatherback sea turtle
Aldabrachelys gigantea,Aldabra giant tortoise
Chelonoidis niger,Galápagos tortoise
Python bivittatus,Burmese python
Ophiophagus hannah,King cobra
Naja naja,Indian cobra
Crotalus atrox,Western diamondback rattlesnake
Eunectes murinus,Green anaconda
Rhincodon typus,Whale shark
Carcharodon carcharias,Great white shark
Sphyrna lewini,Scalloped hammerhead
Manta birostris,Giant oceanic manta ray
Thunnus thynnus,Atlantic bluefin tuna
Hippocampus kuda,Spotted seahorse
Amphiprion ocellaris,Ocellaris clownfish
Latimeria chalumnae,Coelacanth
Dendrobates tinctorius,Dyeing poison dart frog
Ambystoma mexicanum,Axolotl
Andrias japonicus,Japanese giant salamander
Danaus plexippus,Monarch butterfly
Apis mellifera,Western honey bee
Octopus vulgaris,Common octopus
Architeuthis dux,Giant squid
Nautilus pompilius,Nautilus pompilius
Homarus americanus,American lobster
Birgus latro,Coconut crab
